{"cameraMode":{"drawMode":0,"name":"Shaded","section":"Shading Mode"},"sceneLighting":true,"audioPlay":false,"sceneViewState":{"showFog":true,"showMaterialUpdate":false,"showSkybox":true,"showFlares":true,"showImageEffects":true,"showParticleSystems":true},"in2DMode":false,"pivot":{"x":1.6166012287139893,"y":1.3858309984207154,"z":1.368311882019043},"rotation":{"x":-0.05048733577132225,"y":0.9027867913246155,"z":-0.11052640527486801,"w":-0.41262176632881167},"size":0.3078952431678772,"orthographic":false}